級,分野,問題文,前後,単位,正解単位,解答,解説
3,換算,"¥7,564は何ポンド何ペンスか。ただし、£1＝¥198とする。（ペンス未満4捨5入）",1,"￥|＄|€|￡","￡","38.20","￥どうしなので割り算です。あと、外国通貨なので、小数第2位まで書きましょう。|7,564÷198"
3,換算,"¥7,631は何ドル何セントか。ただし、＄1＝¥149とする。（セント未満4捨5入）",1,"￥|＄|€|￡","＄",51.21,"￥どうしなので割り算です。答えは小数第2位まで書きましょう。|7,631÷149"
3,換算,"¥1,720は何ユーロ何セントか。ただし、€1＝¥167とする。（セント未満4捨5入）",1,"￥|＄|€|￡","€","10.30","￥どうしなので割り算です。答えは小数第2位まで書きましょう。|1,720÷167"
3,換算,"¥9,644は何ユーロ何セントか。ただし，€1＝¥183とする。（セント未満4捨5入）",1,"￥|＄|€|￡","€","52.70","￥どうしなので割り算です。答えは小数第2位まで書きます。さらに、4捨5入に注意しましょう。|9,644÷183"
3,換算,"＄12.50は円でいくらか。ただし、＄1＝¥154とする。",1,"￥|＄|€|￡","￥",1925,"＄と￥で単位が違うので、掛け算です。|12.5×154"
3,換算,"＄62.80は円でいくらか。ただし、＄1＝¥155とする。",1,"￥|＄|€|￡","￥",9734,"＄と￥で単位が違うので、掛け算です。|62.8×155"
3,換算,"€32.97は円でいくらか。ただし、€1＝¥169とする。（円未満4捨5入）",1,"￥|＄|€|￡","￥",5572,"€と￥で単位が違うので、掛け算です。|32.97×169"
3,換算,"￡44.25は円でいくらか。ただし、￡1＝¥184とする。",1,"￥|＄|€|￡","￥",8142,"￡と￥で単位が違うので、掛け算です。|44.25×184"
3,換算,"￡39.58は円でいくらか。ただし、￡1＝¥211とする。（円未満4捨5入）",1,"￥|＄|€|￡","￥",8351,"￡と￥で単位が違うので、掛け算です。|39.58×211"
3,換算,"289Ｌは何米ガロンか。ただし、1米ガロン＝3.785Ｌとする。（米ガロン未満4捨5入）",2,"Ｌ|米ガロン","米ガロン",76,"Ｌどうしなので割り算です。|289÷3.785"
3,換算,"62米ガロンは何リットルか。ただし、1米ガロン＝3.785Ｌとする。（リットル未満4捨5入）",2,"米ガロン|Ｌ","Ｌ",235,"米ガロンとＬで単位が違うので掛け算です。|62×3.785"
3,換算,"500英ガロンは何リットルか。ただし、1英ガロン＝4.546Ｌとする。",2,"英ガロン|Ｌ","Ｌ",2273,"英ガロンとＬで単位が違うので掛け算です。|500×4.546"
3,換算,"65英トンは何キログラムか。ただし、1英トン＝1,016kgとする。",2,"英トン|kg","kg",66040,"英トンとkgで単位が違うので掛け算です。|65×1,016"
3,換算,"403lbは何キログラムか。ただし、1lb＝0.4536kgとする。（キログラム未満4捨5入）",2,"lb|kg","kg",183,"lbとkgで単位が違うので、掛け算です。|403×0.4536"
3,換算,"158kgは何ポンドか。ただし、1lb＝0.4536kgとする。（ポンド未満4捨5入）",2,"kg|lb","lb",348,"kgどうしなので割り算です。|158÷0.4536"
3,換算,"416kgは何ポンドか。ただし、1lb＝0.4536kgとする。（ポンド未満4捨5入）",2,"kg|lb","lb",917,"kgどうしなので割り算です。|416÷0.4536"
3,換算,"9,800kgは何米トンか。ただし、1米トン＝907.2kgとする。（米トン未満4捨5入）",2,"kg|米トン","米トン",11,"kgどうしなので割り算です。|9,800÷907.2"
3,換算,"382ｍは何ヤードか。ただし、1yd＝0.9144ｍとする。（ヤード未満4捨5入）",2,"ｍ|yd","yd",418,"ｍどうしなので割り算です。|382÷0.9144"
3,換算,"530ｍは何フィートか。ただし、1ft＝0.3048ｍとする。（フィート未満4捨5入）",2,"ｍ|ft","ft",1739,"ｍどうしなので割り算です。|530÷0.3048"
3,換算,"857ｍは何フィートか。ただし、1ft＝0.3048ｍとする。（フィート未満4捨5入）",2,"ｍ|ft","ft",2812,"ｍどうしなので割り算です。|857÷0.3048"
3,換算,"2,340ftは何メートルか。ただし、1ft＝0.3048mとする。（メートル未満4捨5入）",2,"ft|ｍ","ｍ",713,"ftとｍで単位が違うので掛け算です。|2,340×0.3048"
3,換算,"270ydは何メートルか。ただし、1yd＝0.9144mとする。（メートル未満4捨5入）",2,yd|ｍ,"ｍ",247,"ydとｍで単位が違うので掛け算です。|270×0.9144"
3,換算,"300ｍは何ヤードか。ただし、1yd=0.9144ｍとする。（ヤード未満4捨5入）",2,yd|ｍ,"yd",328,"ｍどうしなので割り算です。|300÷0.9144"
3,換算,"480ftは何メートルか。ただし、1ft=0.3048ｍとする。（メートル未満4捨5入）",2,ft|ｍ,"ｍ",146,"ftとｍで単位が違うので掛け算です。|480×0.3048"
3,換算,"＄81.40は円でいくらか。ただし、＄1=¥115とする。",1,"￥|＄|€|￡","￥",9361,"＄と￥で単位が違うので掛け算です。|81.40×115"
3,換算,"¥6,500は何ドル何セントか。ただし、＄1=¥107とする。（セント未満4捨5入）",1,"￥|＄|€|￡","＄",60.75,"￥どうしなので割り算です。|6,500÷107"
3,換算,"€49.80は円でいくらか。ただし、€1=¥120とする。",1,"￥|＄|€|￡","￥",5976,"€と￥で単位が違うので掛け算です。|49.80×120"
3,換算,"¥5,400は何ユーロ何セントか。ただし、€1=¥134とする。（セント未満4捨5入）",1,"￥|＄|€|￡","€","40.30","￥どうしなので割り算です。|5,400÷134"
3,換算,"￡37.20は円でいくらか。ただし、￡1=¥160とする。",1,"￥|＄|€|￡","￥",5952,"￡と￥で単位が違うので掛け算です。|37.20×160"
3,換算,"¥9,600は何ポンド何ペンスか。ただし、￡1=¥149とする。（ペンス未満4捨5入）",1,"￥|＄|€|￡","￡",64.43,"￥どうしなので割り算です。|9,600÷149"
3,換算,"36米ガロンは何リットルか。ただし、1米ガロン＝3.785Ｌとする。（リットル未満4捨5入）",2,"米ガロン|Ｌ","Ｌ",136,"米ガロンとＬで単位が違うので掛け算です。|36×3.785"
3,割合,"¥7,000は¥28,000の何パーセントか。",2,"％|￥","％",25,"「ＡはＢの～」なので「Ａ÷Ｂ」です。|7,000÷28,000"
3,割合,"¥21,000は¥35,000の何割にあたるか。",2,"割|￥","割",6,"「ＡはＢの～」なので「Ａ÷Ｂ」です。|21,000÷35,000"
3,割合,"¥309,600は¥180,000の何割何分増しか。（１割２分なら、1.2と入力してください）",2,"割|％|","割",7.2,"「ＡはＢの～」なので「Ａ÷Ｂ」で、「増し」なので、増えた分（小数の部分）を答えます。|309,600÷180,000-1"
3,割合,"¥482,800は¥340,000の何割何分増しか。（１割２分なら、1.2と入力してください）",2,"割|％","割",4.2,"「ＡはＢの～」なので「Ａ÷Ｂ」で、「増し」なので、増えた分（小数の部分）を答えます。|482,800÷340,000-1"
3,割合,"¥235,200は¥140,000の何割何分増しか。（１割２分なら、1.2と入力してください）",2,"割|％|","割",6.8,"「ＡはＢの～」なので「Ａ÷Ｂ」で、「増し」なので、増えた分（小数の部分）を答えます。|235,200÷140,000-1"
3,割合,"¥552,000は¥460,000の何パーセント増しか。",2,"割|％","％",20,"「ＡはＢの～」なので「Ａ÷Ｂ」で、「増し」なので、増えた分だけ（小数部分）を答えます。|552,000÷460,000-1"
3,割合,"¥68,000は¥85,000の何パーセント引きか。",2,"割|％","％",20,"「ＡはＢの～」なので「Ａ÷Ｂ」で、「引き」なので、減った分を答えます。|68,000÷85,000＝0.8　→　1-0.8＝0.2（20％）"
3,割合,"¥63,000は¥90,000の何パーセント引きか。",2,"割|％","％",30,"「ＡはＢの～」なので「Ａ÷Ｂ」で、「引き」なので、減った分を答えます。|63,000÷90,000＝0.7　→　1-0.7＝0.3（30％）"
3,割合,"ある会社の先月の売上高は¥220,000で、今月の売上高は¥253,000であった。先月に比べて売上高は何パーセント増加したか。",2,"割|％","％",15,"「今月は先月と～」と解釈すると「今月÷先月」となります。また、増加した分だけを答えればよいので注意してください。|253,000÷220,000　-1"
3,割合,"¥910,000の64％はいくらか。",1,"￥|＄|€|￡","￥",582400,"64％を小数にすると、0.64となります。|910,000×0.64"
3,割合,"¥620,000の8％はいくらか。",1,"￥|＄|€|￡","￥",49600,"8％を小数にすると、0.08となります。|620,000×0.08"
3,割合,"¥830,000の94％はいくらか。",1,"￥|＄|€|￡","￥",780200,"94％を0.94にして掛けます。|830,000×0.94"
3,割合,"¥820,000の97％はいくらか。",1,"￥|＄|€|￡","￥",795400,"97％を小数にすると、0.97となります。|820,000×0.97"
3,割合,"¥120,000の42％増しはいくらか。",1,"￥|＄|€|￡","￥",170400,"42％を小数にすると、0.42で「増し」なので「1+」です。|120,000×1.42"
3,割合,"¥460,000の15％引きはいくらか。",1,"￥|＄|€|￡","￥",391000,"15％を小数にすると、0.15で「引き」なので「1-」です。|460,000×0.85"
3,割合,"¥350,000の24％はいくらか。",1,"￥|＄|€|￡","￥",84000,"24％を小数にすると、0.24となります。|350,000×0.24"
3,割合,"¥540,000の35％増しはいくらか。",1,"￥|＄|€|￡","￥",729000,"35％を小数にすると、0.35で「増し」なので「1.35」となります。|540,000×1.35"
3,割合,"¥85,000の25％引きはいくらか。",1,"￥|＄|€|￡","￥",63750,"25％を小数にすると、0.25で「引き」なので「1-0.25＝0.75」となります。|85,000×0.75"
3,割合,"ある金額の3割が¥144,000であった。ある金額はいくらか。",1,"￥|＄|€|￡","￥",480000,"「ある金額の」は逆算なので割り算です。3割を小数にすると、0.3です。|144,000÷0.3"
3,割合,"ある金額の2割5分が¥21,000であった。ある金額はいくらか。",1,"￥|＄|€|￡","￥",84000,"「ある金額の」は逆算なので割り算です。2割5分を小数にすると、0.25です。|21,000÷0.25"
3,割合,"ある金額の2割増しが¥780,000であった。ある金額はいくらか。",1,"￥|＄|€|￡","￥",650000,"「ある金額の」は逆算なので割り算です。「増し」なので1+0.2で1.2です。|780,000÷1.2"
3,割合,"ある金額の49％増しが¥551,300であった。ある金額はいくらか。",1,"￥|＄|€|￡","￥",370000,"「ある金額の」は逆算なので割り算です。「増し」なので「1+」です。|551,300÷1.49"
3,割合,"ある金額の16％引きが¥781,200であった。ある金額はいくらか。",1,"￥|＄|€|￡","￥",930000,"「ある金額の」は逆算なので割り算です。「引き」なので「1-」です。|781,200÷0.84"
3,割合,"ある金額の1割2分増しが¥582,400であった。ある金額はいくらか。",1,"￥|＄|€|￡","￥",520000,"「ある金額の」は逆算なので割り算です。「増し」なので「1.12」です。|582,400÷1.12"
3,割合,"ある金額の38％引きが¥279,000であった。ある金額はいくらか。",1,"￥|＄|€|￡","￥",450000,"「ある金額の」は逆算なので割り算です。「引き」なので、「1-0.38」で0.62です。|279,000÷0.62"
3,割合,"ある金額の15%引きが¥340,000であった。ある金額はいくらか。",1,"￥|＄|€|￡","￥",400000,"「ある金額の」は逆算なので割り算です。「引き」なので、「1-0.15」で0.85です。|340,000÷0.85"
3,割合,"ある金額の54％引きが¥197,800であった。ある金額はいくらか。",1,"￥|＄|€|￡","￥",430000,"「ある金額の」は逆算なので割り算です。「引き」なので、「1-0.54」で0.46です。|197,800÷0.46"
3,割合,"あるイベントの昨日の来場者数は53,000人で、本日の来場者数は昨日より24％増加した。本日の来場者数は何人か。",2,"人|％","人",65720,"昨日→本日と時間が進むときは掛け算です。「増加」なので「1+」です。|53,000×1.24"
3,割合,"ある自動車会社の昨年の販売台数は130,000台で、今年の販売台数は昨年より29％減少した。今年の販売台数は何台か。",2,"￥|台|％","台",92300,"昨年→今年と時間が進むときは掛け算です。「減少」なので「1-」です。|130,000×0.71"
3,割合,"ある飲食店チェーンの先月の来客者数は310,000人で、今月の来客者数は先月より26％増加した。今月の来客者数は何人か。",2,"人|％","人",390600,"先月→今月と時間が進むときは掛け算です。「増加」なので「1+」です。|310,000×1.26"
3,単利,"元金¥410,000を年利率2.4％で7か月間借りると、期日に支払う利息はいくらか。",1,"￥|＄|€|￡","￥",5740,"元金×利率×期間÷12で求めます。|410,000×0.024×7÷12"
3,単利,"元金¥190,000を年利率2.8％で1年6か月借りると、利息はいくらか。",1,"￥|＄|€|￡","￥",7980,"元金×利率×期間÷12で求めます。1年は12か月なので、18か月となります。|190,000×0.028×18÷12"
3,単利,"¥650,000を年利率3.9％で8か月間貸すと、利息はいくらか。",1,"￥|＄|€|￡","￥",16900,"元金×利率×期間÷12で求めます。|650,000×0.039×8÷12"
3,単利,"元金¥760,000を年利率4.5％で1年5か月借りると、利息はいくらか。",1,"￥|＄|€|￡","￥",48450,"元金×利率×期間÷12で求めます。1年は12か月なので、17か月となります。|760,000×0.045×17÷12"
3,単利,"¥340,000を年利率2.4％で1年3か月間貸すと、利息はいくらか。",1,"￥|＄|€|￡","￥",10200,"元金×利率×期間÷12で求めます。1年は12か月なので、15か月となります。|340,000×0.024×15÷12"
3,単利,"元金¥810,000を年利率5.3％で1年7か月間借りると、利息はいくらか。（円未満切り捨て）",1,"￥|＄|€|￡","￥",67972,"元金×利率×期間÷12で求めます。1年は12か月なので、19か月となります。|810,000×0.053×19÷12"
3,単利,"元金¥420,000を年利率1.9％で70日間借りると、利息はいくらか。（円未満切り捨て）",1,"￥|＄|€|￡","￥",1530,"元金×利率×期間÷365で求めます。|420,000×0.019×70÷365"
3,単利,"¥610,000を年利率3.4％で146日間貸すと、利息はいくらか。",1,"￥|＄|€|￡","￥",8296,"元金×利率×期間÷365で求めます。|610,000×0.034×146÷365"
3,単利,"¥210,000を年利率5.2％で67日間貸すと、利息はいくらか。（円未満切り捨て）",1,"￥|＄|€|￡","￥",2004,"元金×利率×期間÷365で求めます。|210,000×0.052×67÷365"
3,単利,"¥790,000を年利率2.9％で108日間借りると、期日に支払う利息はいくらか。（円未満切り捨て）",1,"￥|＄|€|￡","￥",6778,"元金×利率×期間÷365で求めます。|790,000×0.029×108÷365"
3,単利,"元金¥940,000を年利率4.6％で9月11日から11月5日まで借りると、利息はいくらか。（片落とし、円未満切り捨て）",1,"￥|＄|€|￡","￥",6515,"まず、日数（55日）を求めます。次に、元金×利率×期間÷365で求めます。|940,000×0.046×55÷365"
3,単利,"元金¥470,000を年利率2.8％で5月29日から9月7日まで借りると、利息はいくらか。（片落とし、円未満切り捨て）",1,"￥|＄|€|￡","￥",3641,"まず、日数（101日）を求めます。次に、元金×利率×期間÷365で求めます。|470,000×0.028×101÷365"
3,単利,"元金¥380,000を年利率1.8％で3月4日から5月12日まで貸すと、期日に受け取る利息はいくらか。（片落とし、円未満切り捨て）",1,"￥|＄|€|￡","￥",1293,"まずは日数（69日）を求めましょう。次に元金×利率×期間÷365で利息を求めます。|380,000×0.018×69÷365"
3,単利,"¥690,000を年利率4.6％で52日間借り入れると、期日に支払う利息はいくらか。（円未満切り捨て）",1,"￥|＄|€|￡","￥",4521,"元金×利率×期間÷365で求めます。|690,000×0.046×52÷365"
3,単利,"¥940,000を年利率1.9％で92日間貸すと、期日に受け取る利息はいくらか。（円未満切り捨て）",1,"￥|＄|€|￡","￥",4501,"元金×利率×期間÷365で求めます。|940,000×0.019×92÷365"
3,単利,"元金¥940,000を年利率4.6％で9月11日から11月5日まで借りると、利息はいくらか。（片落とし、円未満切り捨て）",1,"￥|＄|€|￡","￥",6515,"日数を求めて（55日）、元金×利率×期間÷365で求めます。|940,000×0.046×55÷365"
3,単利,"元金¥930,000を年利率0.4％で11か月間貸すと、期日に受け取る利息はいくらか。",1,"￥|＄|€|￡","￥",3410,"元金×利率×期間÷12で求めます。|930,000×0.004×11÷12"
3,単利,"元金¥650,000を年利率3.1％で8月14日から10月9日まで借り入れると、期日に支払う元利合計はいくらか。（片落とし，円未満切り捨て）",1,"￥|＄|€|￡","￥",653091,"期間（日数）がわからないので、先に求めましょう。|次に、元金×利率×期間÷365で利息を求めたあと、元金を足します。|650,000×0.031×56÷365　+650,000"
3,単利,"元金¥920,000を年利率3.7％で83日間貸し付けると、期日に受け取る元利合計はいくらか。（円未満切り捨て）",1,"￥|＄|€|￡","￥",927740,"元金×利率×期間÷365で利息を求めて元金を足します。|920,000×0.037×83÷365+920,000"
3,単利,"¥830,000を年利率0.2％で115日間貸し付けると、期日に受け取る元利合計はいくらか。（円未満切り捨て）",1,"￥|＄|€|￡","￥",830523,"元金×利率×期間÷12で利息を求めたあと、元金を足します。|830,000×0.002×115÷365　+830,000"
3,単利,"¥850,000を年利率0.3％で10か月間借りると、期日に支払う元利合計はいくらか。",1,"￥|＄|€|￡","￥",852125,"元金×利率×期間÷12で利息を求めて元金を足します。|850,000×0.003×10÷12+850,000"
3,単利,"元金¥550,000を年利率3.1％で1年4か月間借りると、元利合計はいくらか。（円未満切り捨て）",1,"￥|＄|€|￡","￥",572733,"元金×利率×期間÷12で利息を求めて元金を足します。|550,000×0.031×16÷12＝22,733　→　550,000+22,733"
3,単利,"¥240,000を年利率3.6％で11か月間貸すと、期日に受け取る元利合計はいくらか。",1,"￥|＄|€|￡","￥",247920,"元金×利率×期間÷12で利息を求めて元金を足します。|240,000×0.036×11÷12＝7,920　→　240,000+7,920"
3,単利,"¥370,000を年利率5.4％で96日間借りると、期日に支払う元利合計はいくらか。",1,"￥|＄|€|￡","￥",375255,"元金×利率×期間÷365で利息を求めて元金を足します。|370,000×0.054×96÷365＝5,255　→　370,000+5,255"
3,単利,"¥800,000を年利率4.9％で1月26日から4月20日まで貸すと、期日に受け取る元利合計はいくらか。（うるう年、片落とし、円未満切り捨て）",1,"￥|＄|€|￡","￥",809128,"まず、日数を求めますが、うるう年なので、求めた日数に+1日（85日）です。次に、元金×利率×期間÷365で利息を求めて元金を足します。|800,000×0.049×85÷365＝9,128　→　800,000+9,128"
3,単利,"¥560,000を年利率4.1％で67日間借り入れると、期日に支払う元利合計はいくらか。（円未満切り捨て）",1,"￥|＄|€|￡","￥",564214,"元金×利率×期間÷365で利息を求めて元金を足します。|560,000×0.041×67÷365＝4,214　→　560,000+4,214"
3,単利,"元金¥240,000を年利率1.7％で10月24日から12月8日まで貸し付けると、期日に受け取る元利合計はいくらか。（片落とし、円未満切り捨て）",1,"￥|＄|€|￡","￥",240491,"まず日数を求めて（44日）から、元金×利率×期間÷365で利息を求めて元金を足します。|240,000×0.017×44÷365＝491　→　240,000+491"
3,損益,"予定売価¥690,000の商品を予定売価の9掛で販売した。実売価はいくらか。",1,"￥|＄|€|￡","￥",621000,"「○掛」という表現は「○割」と同じです。|690,000×0.9"
3,損益,"予定売価¥120,000の商品を予定売価の8掛けで販売すると、実売価はいくらか。",1,"￥|＄|€|￡","￥",96000,"「○掛」という表現は「○割」と同じです。|120,000×0.8"
3,損益,"1足につき¥2,630の商品を340足仕入れ、仕入諸掛¥44,900を支払った。諸掛込原価はいくらか。",1,"￥|＄|€|￡","￥",939100,"商品代を掛け算で計算してから、仕入諸掛（この商品を仕入れるために払わないといけない経費）を足します。|2,630×340+44,900"
3,損益,"ある商品を1mにつき¥650で840m仕入れ、仕入諸掛¥27,000を支払った。仕入原価はいくらか。",1,"￥|＄|€|￡","￥",573000,"商品代金は650×840で求められるので、それに諸掛を足して求めます。|650×840+27,000"
3,損益,"ある商品を1ダースにつき¥3,800で50ダース仕入れ、仕入諸掛¥9,000を支払った。この商品の仕入原価はいくらか。",1,"￥|＄|€|￡","￥",199000,"商品代金を掛け算で求めてから諸掛を足して求めます。|3,800×50+9,000"
3,損益,"1着につき¥5,060の商品を170着仕入れ、仕入諸掛¥48,100を支払った。諸掛込原価はいくらか。",1,"￥|＄|€|￡","￥",908300,"商品代を掛け算で求めてから、諸掛りを足します。|5,060×170+48,100"
3,損益,"1本につき¥540の商品を仕入れ、代価¥145,800を支払った。仕入数量は何本か。",2,"￥|本","本",270,"合計金額÷1本あたりの金額で求められます。|145,800÷540"
3,損益,"30kgにつき¥5,100の商品を600kg仕入れた。代価はいくらか。",1,"￥|＄|€|￡","￥",102000,"まず1kgでいくらか（5,100÷30）を求めます。その金額に600をかけて求めます。|5,100÷30×600"
3,損益,"10kgにつき¥5,300の商品を300kg販売した。代価はいくらになるか。",1,"￥|＄|€|￡","￥",159000,"まず1kgあたりの金額（5,300÷10）を求めてから300を掛けて求めます。|5,300÷10×300"
3,損益,"ある商品を10個につき¥2,700で仕入れ、代金¥240,300を支払った。仕入数量は何個であったか。",2,"￥|個","個",890,"まず1個あたりの金額（2,700÷10）を求めてから代価を1個あたりで割って求めます。|2,700÷10＝270　→　240,300÷270"
3,損益,"1枚につき¥470の商品を仕入れ、代価¥380,700を支払った。仕入数量は何枚か。",2,"￥|枚","枚",810,"代価（全体の金額）÷単価（1枚あたりの金額）で求められます。|380,700÷470"
3,損益,"100lbにつき¥1,900の商品を販売し、代価¥102,600を受け取った。販売数量は何ポンドであったか。",2,"￥|￡|lb","lb",5400,"まず1lbあたりの金額（1,900÷100）を求めてから代価を1lbあたりの金額で割って求めます。|1,900÷100＝19　→　102,600÷19"
3,損益,"予定売価の18％引きで販売したところ、実売価が¥705,200になった。この商品の予定売価はいくらか。",1,"￥|＄|€|￡","￥",860000,"18％引き（×0.82）が￥705,200なので、逆算（割り算）で求めます。|705,200÷0.82"
3,損益,"10個につき¥8,500の商品を620個仕入れ、仕入原価の34％の利益をみて全部販売した。実売価の総額はいくらか。",1,"￥|＄|€|￡","￥",706180,"まず、1個あたりの金額を求め（￥850）、650個をかけて、全体の金額を求めます。次に、利益を加えた金額を求めます。|8,500÷10×650×1.34"
3,損益,"10箱につき¥9,500の商品を740箱仕入れ、仕入原価の13％の利益をみて全部販売した。利益の総額はいくらか。",1,"￥|＄|€|￡","￥",91390,"まず1箱当たりの金額（9,500÷10）を求めて、740を掛けます。その金額の13％が利益なので、利益額を求めます。|9,500÷10×740×0.13"
3,損益,"10束につき¥6,600の商品を750束仕入れ、仕入原価の27％の利益をみて全部販売した。利益の総額はいくらか。",1,"￥|＄|€|￡","￥",133650,"まず1束あたりの金額（6,600÷10）をもとめて、750を掛けます。その金額の27％が利益なので、掛け算で求めます。|6,600÷10×750×0.27"
3,損益,"1mにつき¥380の商品を470m仕入れた。この商品に仕入原価の2割5分の利益を見込むと利益額はいくらか。",1,"￥|＄|€|￡","￥",44650,"まず掛け算で仕入原価（商品全体の金額）を求めます。その金額の2割5分（0.25）が利益額なので、掛け算で求めます。|380×470×0.25"
3,損益,"1ydにつき¥260の商品を740yd仕入れた。この商品に仕入原価の2割9分の利益を見込むと、利益額はいくらか。",1,"￥|＄|€|￡","￥",55796,"まず掛け算で仕入原価を求めます。次に利益額（その金額の2割9分）を掛け算で求めます。|260×740×0.29"
3,損益,"原価の12％の利益を見込んで¥593,600の予定売価をつけた。この商品の原価はいくらか。",1,"￥|＄|€|￡","￥",530000,"×1.12で￥593,600になるので、逆算します。|593,600÷1.12"
3,損益,"原価¥200,000の商品に、原価の13％の利益を見込んで予定売価をつけた。利益額はいくらか。",1,"￥|＄|€|￡","￥",26000,"利益額を求めればよいので、単純に原価の13%がいくらかを求めればよいです。|200,000×0.13"
3,損益,"原価¥750,000の商品に、原価の35％の利益を見込んで予定売価をつけた。利益額はいくらか。",1,"￥|＄|€|￡","￥",262500,"利益額を求めればよいので、単純に原価の35%がいくらかを求めればよいです。|750,000×0.35"
3,損益,"原価¥670,000の商品に、原価の20％の利益を見込んで予定売価をつけた。予定売価はいくらか。",1,"￥|＄|€|￡","￥",804000,"予定売価は「原価の20％増しの金額」という事になります。|670,000×1.2"
3,損益,"予定売価¥760,000の商品を予定売価の42％引きで販売した。実売価はいくらか。",1,"￥|＄|€|￡","￥",440800,"割合の問題と同じように考えると、「760,000の42％引き（1-0.42）はいくらか。」ということです。|760,000×0.58"
3,損益,"予定売価¥80,000の商品を予定売価の25％引きで販売すると、値引額はいくらか。",1,"￥|＄|€|￡","￥",20000,"「引き」と書いてありますが、問題文をよく読むと、「値引額」を求めればよいので、引いた金額、つまり25%（0.25）がいくらかを求めることになります。|80,000×0.25"
3,損益,"予定売価¥900,000の商品を、予定売価の16％引きで販売した。値引額はいくらであったか。",1,"￥|＄|€|￡","￥",144000,"「引き」と書いてありますが、「値引額」を求めればよいので、16%（0.16）がいくらかを求めることになります。|900,000×0.16"
3,損益,"予定売価¥290,000の商品を予定売価の27％引きで販売した。実売価はいくらか。",1,"￥|＄|€|￡","￥",211700,"「～引き」なので、「1-」です。|290,000×0.73"
3,損益,"予定売価¥760,000の商品を、予定売価の20％引きで販売した。実売価はいくらか。",1,"￥|＄|€|￡","￥",608000,"割合の問題と同じで、「～引き」なので、「1-」です。|760,000×0.8"
3,損益,"ある商品を¥273,500で仕入れ、諸掛り¥16,500を支払った。この商品に諸掛込原価の18％の利益をみて販売すると、売上高はいくらか。",1,"￥|＄|€|￡","￥",342200,"商品代金に諸掛を足すと諸掛込原価になります。これに18％の利益を足した金額（18％増しの金額）が売上高になります。|（273,500+16,500）×1.18"
3,損益,"ある商品を¥456,700で仕入れ、諸掛り¥33,300を支払った。この商品に諸掛込原価の23％の利益をみて販売すると、売上高はいくらか。",1,"￥|＄|€|￡","￥",602700,"商品代金に諸掛を足すと諸掛込原価になります。これに23％の利益を足した金額（23％増しの金額）が売上高になります。|（456,700+33,300）×1.23"
3,損益,"ある商品を予定売価から1割7分引きして¥207,500で販売した。予定売価はいくらであったか。",1,"￥|＄|€|￡","￥",250000,"「引き（1-0.17）」した金額が207,500なので逆算（割り算）で求めます。|207,500÷0.83"
3,損益,"ある商品を予定売価の24％引きで販売し、代金¥273,600を受け取った。予定売価はいくらであったか。",1,"￥|＄|€|￡","￥",360000,"「引き（1-0.24）」した金額が273,600なので逆算（割り算）で求めます。|273,600÷0.76"
3,損益,"1袋につき¥560の商品を仕入れ、代価¥375,200を支払った。仕入数量は何袋か。",2,"￥|袋","袋",670,"総額÷金額で求められます。|375,200÷560"
3,損益,"1脚につき¥2,150の商品を330脚仕入れ、仕入諸掛¥39,100を支払った。諸掛込原価はいくらか。",1,"￥|＄|€|￡","￥",748600,"商品代金の合計と諸掛を足して求めます。|2,150×330+39,100"
3,損益,"原価¥510,000の商品を販売したところ、損失額が¥198,900となった。損失額は原価の何パーセントか。",2,"割|％","％",39,"「ＡはＢの」という問題は「Ａ÷Ｂ」なので、「損失額÷原価」です。|198,900÷510,000"
3,損益,"原価¥870,000の商品に¥217,500の利益をみて販売した。利益額は原価の何パーセントか。",2,"￥|％|割","％",25,"「ＡはＢの～」なので、「利益額÷原価」で求めます。|217,500÷870,000"
3,損益,"原価¥400,000の商品を販売して¥80,000の利益を得た。利益額は原価の何パーセントであったか。",2,"￥|％|割","％",20,"割合の問題のように「Ａ÷Ｂ」と考えましょう。つまり、「利益額÷原価」です。|80,000÷400,000"
3,損益,"原価¥500,000の商品を販売して¥120,000の利益を得た。利益額は原価の何パーセントであったか。",2,"￥|％|割","％",24,"割合の問題のように「Ａ÷Ｂ」と考えましょう。つまり、「利益額÷原価」です。|120,000÷500,000"
3,損益,"予定売価¥500,000の商品を予定売価から¥100,000値引きして販売した。値引額は予定売価の何パーセントであったか。",2,"￥|％|割","％",20,"割合の問題のように「Ａ÷Ｂ」と考えましょう。つまり、「値引額÷予定売価」です。|100,000÷500,000"
3,損益,"予定売価¥600,000の商品を¥102,000値引きして販売した。値引額は予定売価の何パーセントであったか。",2,"￥|％|割","％",17,"割合の問題と同じように「Ａ÷Ｂ」と考えましょう。つまり、「値引額÷予定売価」です。|102,000÷600,000"
3,損益,"原価¥120,000の商品を販売したところ、損失額が¥28,800となった。損失額は原価の何パーセントか。",2,"￥|％|割","％",24,"割合の問題と同じように「Ａ÷Ｂ」と考えましょう。つまり、「損失額÷原価」です。|28,800÷120,000"
3,損益,"原価¥200,000の商品に、原価の13％の利益を見込んで予定売価をつけた。利益額はいくらか。",1,"￥|＄|€|￡","￥",26000,"割合の問題と同じで、原価の13％を求めればよいので、掛け算で求めます。|200,000×0.13"
3,損益,"原価¥300,000の商品に、原価の25％の利益を見込んで予定売価をつけた。予定売価はいくらか。",1,"￥|＄|€|￡","￥",375000,"原価の「25％増し（1.25）」の金額が予定売価になります。|300,000×1.25"
3,損益,"ある商品を¥780,000で売ると、原価の3割の利益がある。この商品の原価はいくらか。",1,"￥|＄|€|￡","￥",600000,"問題文を同じ意味である「原価の3割増しの金額が¥780,000になる」と置き換えてみましょう。つまり、逆算なので割り算になります。|780,000÷1.3"
3,損益,"¥700,000で売ると、原価の4割の利益がある商品の原価はいくらか。",1,"￥|＄|€|￡","￥",500000,"「原価の4割増しが¥700,000」と考えると、逆算なので割り算で求められます。|700,000÷1.4"
3,損益,"原価の18％の利益を見込んで¥873,200の予定売価をつけた。この商品の原価はいくらか。",1,"￥|＄|€|￡","￥",740000,"「原価の18％増しが873,200」と考えると、逆算なので割り算で求められます。|873,200÷1.18"
2,換算,"￡398.95は円でいくらか。ただし、￡1＝¥205とする。（円未満4捨5入）",1,"￥|＄|€|￡","￥",81785,"￡と￥で単位が違うので、掛け算です。|398.95×205"
2,換算,"＄294.06は円でいくらか。ただし、＄1＝¥115とする。（円未満4捨5入）",1,"￥|＄|€|￡","￥",33817,"＄と￥で単位が違うので、掛け算です。|294.06×115"
2,換算,"¥71,200は何ドル何セントか。ただし、＄1＝¥118とする。（セント未満4捨5入）",1,"￥|＄|€|￡","＄",603.39,"￥どうしなので、割り算です。|71,200÷118"
2,換算,"€628.50は円でいくらか。ただし、€1＝¥139とする。（円未満4捨5入）",1,"￥|＄|€|￡","￥",87362,"€と￥で単位が違うので、掛け算です。|628.5×139"
2,換算,"¥10,500は何ユーロ何セントか。ただし、€1＝¥124とする。（セント未満4捨5入）",1,"￥|＄|€|￡","€",84.68,"￥どうしなので、割り算です。|10,500÷124"
2,換算,"9,100ydは何メートルか。ただし、1yd＝0.9144ｍとする。（メートル未満4捨5入）",2,"yd|ｍ","ｍ",8321,"ydとｍで単位が違うので掛け算です。|9,100×0.9144"
2,換算,"480英トンは何キログラムか。ただし、1英トン＝1,016kgとする。",2,"英トン|kg","kg",487680,"英トンとkgで単位が違うので掛け算です。|480×1,016"
2,換算,"39,000kgは何英トンか。ただし、1英トン＝1,016kgとする。（英トン未満4捨5入）",2,"kg|英トン","英トン",38,"kgどうしなので割り算です。|39,000÷1,016"
2,換算,"5,700kgは何ポンドか。ただし、1lb＝0.4536kgとする。（ポンド未満4捨5入）",2,"kg|lb","lb",12566,"kgどうしなので割り算です。|5,700÷0.4536"
2,換算,"6,300lbは何キログラムか。ただし、1lb＝0.4536kgとする。（キログラム未満4捨5入）",2,"lb|kg","kg",2858,"lbとkgで単位が違うので掛け算です。|6,300×0.4536"
2,換算,"910米トンは何キログラムか。ただし、1米トン＝907.2kgとする。",2,"米トン|kg","kg",825552,"米トンとkgで単位が違うので掛け算です。|910×907.2"
2,換算（応用）,"1ydにつき¥530の商品を70m建にするといくらか。ただし、1yd＝0.9144ｍとする。（計算の最終で円未満4捨5入）",1,"￥|yd|ｍ","￥",40573,"まずは、ydあたりの金額をｍにします。それに「×70」で求められます。|530÷0.9144×70"
2,換算（応用）,"10lbにつき＄19.26の商品を2,790lb仕入れた。仕入代金は円でいくらか。ただし、＄1＝¥151とする。（計算の最終で円未満4捨5入）",1,"￥|＄|€|￡","￥",811405,"1lb当たりの金額（＄1.926）を求めて、2,790を掛けます。これは＄（ドル）なので、￥に換算（単位が違うので掛け算）します。|19.26÷10×2,790÷151"
2,換算（応用）,"1kgにつき＄7.80の商品を210kg仕入れた。仕入代金は円でいくらか。ただし、＄1＝¥108とする。",1,"￥|＄|€|￡","￥",176904,"まず、210kgの金額を＄のまま計算し、円にしましょう。単位が違うので掛け算です。|7.80×210×108"
2,換算（応用）,"1個につき＄16.90の商品を390個仕入れた。仕入代金は円でいくらか。ただし、＄1＝¥113とする。",1,"￥|＄|€|￡","￥",744783,"まず、＄のまま390個分の金額を求めます。次に単位の違う円にするので掛け算です。|16.90×390×113"
2,換算（応用）,"10ydにつき￡40.50の商品を640yd仕入れた。仕入れ代金は円でいくらか。ただし、￡1＝¥153とする。",1,"￥|＄|€|￡","￥",396576,"まず、￡のまま1yd分の金額を求めて、640yd分の金額を求めます。次に単位の違う円にするので掛け算です。|40.50÷10×640×153"
2,換算（応用）,"1Lにつき¥820の商品を30L販売した。代金は何ドル何セントか。ただし、＄1＝¥116とする。（セント未満4捨5入）",1,"￥|＄|€|￡","＄",212.07,"まず30L分の金額を￥で求めます。次に＄にしたいので、￥と￥で割り算です。|820×30÷116"
2,換算（応用）,"20kgにつき¥9,600の商品を350kg販売した。代金は何ユーロ何セントか。ただし、€1＝¥149とする。（セント未満4捨5入）",1,"￥|＄|€|￡","€",1127.52,"1kg分の金額を求めて350kg分の金額を求めます。次に￥と￥なので割り算です。|9,600÷20×350÷149"
2,換算（応用）,"1ydにつき¥5,300の商品を10m建にするといくらになるか。ただし、1yd＝0.9144mとする。（計算の最終で円未満4捨5入）",1,"￥|＄|€|￡","￥",57962,"まず、1mあたりの金額を求めて、10mの金額を求めます。|5,300÷0.9144×10"
2,換算（応用）,"1米トンにつき¥298,160の商品を50kg建にするといくらになるか。ただし、1米トン＝907.2kgとする。（計算の最終で円未満4捨5入）",1,"￥|＄|€|￡","￥",16433,"まず、1kgあたりの金額を求めて、50kgの金額を求めます。|298,160÷907.2×50"
2,換算（応用）,"10lbにつき¥47,628の商品を60kg建にするといくらになるか。ただし、1lb＝0.4536kgとする。",1,"￥|＄|€|￡","￥",630000,"まず、1lb当たりの金額を求めて、1kgあたりの金額を求めます。次に、60kgの金額を求めます。|47,628÷10÷0.4536×60"
2,割合,"ある商品の先月の販売数量は762,000本で、今月の販売数量は632,460本であった。今月の販売数量は先月の販売数量に比べて何割何分減少したか。（１割２分なら、1.2と入力してください）",2,"割|％|","割",1.7,"「ＡはＢの」という問題は「Ａ÷Ｂ」なので、その順番で割り算をします。|632,460÷762,000=0.83　減った分を答えるので、1-0.83=0.17（1割7分）"
2,割合,"ある商店の先月の売上数量は5,900kgで、今月の売上数量は7,198kgであった。売上数量は、先月に比べて何パーセント増加したか。",2,"割|％|","％",22,"「今月は先月と比べて」という意味なので、今月÷先月の答えから増えた分だけを答えればよいという事です。|7,198÷5,900"
2,損益,"ある商品を¥805,690で販売したところ、原価の13％の利益を得た。この商品の原価はいくらか。",1,"￥|＄|€|￡","￥",713000,"「原価の13％増し」が￥805,690になると考えてください。つまり、逆算です。｜805,690÷1.13"
2,損益,"ある商品を1ダースにつき¥7,560で仕入れ、仕入代金¥589,680を支払った。仕入数量は何個か。",2,"￥|個|ダース","個",936,"１ダースは12個なので、１個あたりの金額（7,560÷12=630）を求めます。あとは、「代金合計÷1個あたり」で求められます。|7,560÷12=630　→　589,680÷630"
2,損益,"原価¥220,000の商品に原価の2割8分の利益を見込んで予定売価をつけたが、予定売価から¥14,720値引きして販売した。実売価はいくらか。",1,"￥|＄|€|￡","￥",266880,"原価に利益を上乗せするので、「×1.28」です。そこから値引き額を引けば求められます。|220,000×1.28-14,720"
2,損益,"2冊につき¥1,740の商品を970冊仕入れ、諸掛り¥42,100を支払った。この商品の諸掛込原価に利益を見込んで全部販売したところ、実売価の総額が¥1,204,960となった。利益の総額はいくらか。",1,"￥|＄|€|￡","￥",318960,"1冊あたりの金額（1,740÷2）を求め、970を掛けます。その金額に諸掛42,100を足します。これが原価になるので、売価-原価で利益が求められます。|1,740÷2×970+42,100　　1,204,960-886,000"
2,損益,"原価¥234,000の商品を¥319,410で販売した。利益額は原価の何パーセントか。パーセントの小数第1位まで求めよ。",2,"￥|％|割","％",36.5,"「Ａ÷Ｂ」で求められますが、利益額が書いていないので計算（319,410-234,000）で求めます。そのあと、利益額÷原価で求められます。"
2,損益,"ある商品を1個につき ¥460で仕入れ、代価として¥197,800を支払った。仕入数量は何個か。",2,"￥|個|割","個",430,"合計金額÷単価で求めることができます。|197,800÷460"
2,損益,"ある商品を10mにつき¥4,500で仕入れ、代価として¥441,000を支払った。仕入数量は何メートルであったか。",2,"￥|ｍ","ｍ",980,"まず、1mあたりの金額を求めてから、代価÷単価で求めます。|4,500÷10＝450　→　441,000÷450"
2,損益,"ある商品を20Lにつき¥3,800で仕入れ、代価として¥140,600を支払った。仕入数量は何リットルであったか。",2,"￥|Ｌ","Ｌ",740,"まず、1Lあたりの金額を求めてから、代価÷単価で求めます。|3,800÷20＝190　→　140,600÷190"
2,損益,"ある商品を50kgにつき¥6,400で仕入れ、代価として¥268,800を支払った。仕入数量は何キログラムであったか。",2,"￥|kg","kg",2100,"まず、1kgあたりの金額を求めてから、代価÷単価で求めます。|6,400÷50＝128　→　268,800÷128"
2,損益,"1kgにつき¥6,300の商品を140kg仕入れ、諸掛りとして¥73,000を支払った。諸掛込現価はいくらか。",1,"￥|＄|€|￡","￥",955000,"商品代金＋諸掛りを求めます。|6,300×140+73,000"
2,損益,"ある商品を¥162,400で仕入れ、諸掛り¥7,600を支払った。この商品に諸掛込原価の13％の利益を見込んで販売すると、利益額はいくらか。",1,"￥|＄|€|￡","￥",22100,"諸掛込原価を求めてから「利益額」を求めます。売上額ではありません。|162,400＋7,600＝170,000　→　170,000×0.13"
2,損益,"1Lにつき¥830の商品を600L仕入れ、諸掛りとして¥42,000を支払った。この商品に諸掛込原価の24％の利益を見込んで販売すると利益の総額はいくらか。",1,"￥|＄|€|￡","￥",129600,"諸掛込原価を求めてから「利益額」を求めます。売上額ではありません。|830×600+42000＝540,000　→　540,000×0.24"
2,損益,"ある商品を¥521,500で仕入れ、仕入諸掛¥47,500を支払った。この商品に諸掛込原価の19％の利益を見込むと、売上高はいくらか。",1,"￥|＄|€|￡","￥",677110,"諸掛込原価を求めてから、利益を含んだ「売上高（販売額）」を求めます。|521,500+47,500＝569,000　→　569,000×1.19"
2,損益,"1個につき¥750の商品を460個仕入れ、諸掛りとして¥35,000を支払った。この商品に諸掛込原価の20％の利益を見込んで販売すると、実売価の総額はいくらか。",1,"￥|＄|€|￡","￥",456000,"諸掛込原価を求めてから、利益額を含んだ「実売価」を求めます。|750×460＝380,000　→　380,000×1.2"
2,損益,"原価¥430,000の商品に原価の20％の利益をみて予定売価をつけ、予定売価の15％引きで販売した。実売価はいくらか。",1,"￥|＄|€|￡","￥",438600,"まず、利益を含んだ予定売価を求めてから15％引きした金額を求めます。|430,000×1.2×0.85"
2,損益,"原価¥860,000の商品に原価の34％の利益をみて予定売価をつけ、予定売価から¥92,000値引きして販売した。実売価はいくらか。",1,"￥|＄|€|￡","￥",1060400,"まず、利益を含んだ予定売価を求めてから値引き後の売価を求めます。|860,000×1.34-92,000"
2,損益,"原価¥550,000の商品に原価の22％の利益をみて予定売価をつけ、予定売価の16％引きで販売した。実売価はいくらか。",1,"￥|＄|€|￡","￥",563640,"まず、利益を含んだ予定売価を求めて、16％引きの金額を求めます。|550,000×1.22×0.84"
2,損益,"原価¥370,000の商品に¥66,600の利益をみて予定売価をつけ、予定売価の12%引きで販売した。値引額はいくらか。",1,"￥|＄|€|￡","￥",52392,"まず、利益を含んだ予定売価を求めて、「値引額」を求めます。売価ではありません。|370,000+66,600×0.12"
2,損益,"原価¥650,000の商品に原価の2割6分の利益をみて予定売価をつけ、予定売価から¥89,000値引きして販売した。利益額はいくらか。",1,"￥|＄|€|￡","￥",80000,"まず、利益を含んだ予定売価を求めて、値引き後の売価を求めます。そのあと、売価－原価で利益額を求めます。|650,000×1.26-89,000＝730,000　→　730,000-650,000"
2,損益,"原価¥492,000の商品を販売して¥132,840の利益を得た。利益額は原価の何パーセントであったか。",2,"￥|％|割","％",27,"「利益額は原価の」なので、利益額÷原価で求めます。|132,840÷492,000"
2,損益,"原価¥525,000の商品を¥640,500で販売した。利益額は原価の何パーセントであったか。",2,"￥|％|割","％",22,"問題文に利益が書いていないので、売価－原価で利益を求めてから、利益額÷原価で求めます。|640,500-525,000＝115,500　→　115,500÷525,000"
2,損益,"原価¥248,300の商品を¥332,722で販売した。利益額は原価の何パーセントであったか。",2,"￥|％|割","％",34,"問題文に利益が書いていないので、売価－原価で利益を求めてから、利益額÷原価で求めます。|332,722－248,300＝84,422　→　84,422÷248,300"
2,損益,"予定売価¥415,000の商品を予定売価から¥70,550値引きして販売した。値引額は予定売価の何パーセントであったか。",2,"￥|％|割","％",17,"値引額÷予定売価で求められます。|70,550÷415,000"
2,損益,"予定売価¥745,000の商品を¥573,650で販売した。値引額は予定売価の何パーセントであったか。",2,"￥|％|割","％",23,"問題文に値引額が書いていないので、値引額を求めてから、値引額÷予定売価で求めます。|745,000-576,650＝171,350　→　171,350÷745,000"
2,損益,"原価¥610,000の商品に原価の3割5分の利益をみて予定売価をつけ、予定売価から¥214,110値引きして販売した。値引額は予定売価の何パーセントであったか。",2,"￥|％|割","％",26,"問題文に予定売価が書いていないので、予定売価を先に求めてから、値引額÷予定売価で求めます。|610,000×1.35＝823,500　→　214,110÷823,500"
2,単利,"元金¥7,930,000を年利率4.86％の単利で10月19日から12月20日まで貸し付けると、期日に受け取る利息はいくらか。（片落とし，円未満切り捨て）",1,"￥|＄|€|￡","￥",65464,"まずは日数を求めましょう。次に元金×利率×期間÷365で利息を求めます。|7,930,000×0.0486×62÷365"
2,単利,"元金¥5,140,000を年利率0.68％の単利で5月23日から8月12日まで借り入れると、期日に支払う元利合計はいくらか。（片落とし、円未満切り捨て）",1,"￥|＄|€|￡","￥",5147756,"まずは日数（81日）を計算して利息（5,140,000×0.068×81÷365）を計算します。そのあと、元金と足して求めます。|5,140,000×0.068×81÷365+5,140,000"
2,単利,"年利率1.46％の単利で3月8日から5月25日まで貸し付けたところ、期日に利息¥6,708を受け取った。元金はいくらか。（片落とし）",1,"￥|＄|€|￡","￥",2150000,"まずは日数（78日）を求めます。次に、元金以外を掛けたり割ったりして「÷÷利息」で求められます。|0.0146×78÷365÷÷6,708"
2,単利,"¥3,480,000を年利率2.39％の単利で借り入れ、期日に利息¥48,517を支払った。借入期間は何か月間か。",2,"￥|％|か月","か月",7,"わからないもの（月数）以外を普通に計算して「÷÷利息」で求められます。|3,480,000×0.0239÷12÷÷48,517"
2,単利,"¥6,540,000を年利率3.92％の単利で8か月間貸すと、利息はいくらか。",1,"￥|＄|€|￡","￥",170912,"元金×利率×期間÷12の公式で利息を求めます。|6,540,000×0.0392×8÷12"
2,単利,"元金¥7,620,000を年利率4.54％の単利で1年5か月間借りると、利息はいくらか。",1,"￥|＄|€|￡","￥",490093,"元金×利率×期間÷12の公式で利息を求めます。|7,620,000×0.0454×17÷12"
2,単利,"¥6,180,000を年利率3.45％の単利で146日間貸すと、利息はいくらか。",1,"￥|＄|€|￡","￥",85284,"元金×利率×期間÷365の公式で利息を求めます。|6,180,000×0.0345×146÷365"
2,単利,"¥2,130,000を年利率5.28％の単利で67日間貸すと、利息はいくらか。（円未満切り捨て）",1,"￥|＄|€|￡","￥",20644,"元金×利率×期間÷365の公式で利息を求めます。|2,130,000×0.0528×67÷365"
2,単利,"元金¥9,420,000を年利率4.67％の単利で5月18日から7月14日まで借りると、利息はいくらか。（片落とし、円未満切り捨て）",1,"￥|＄|€|￡","￥",68698,"日数を計算（57日）した後、元金×利率×期間÷365の公式で利息を求めます。|9,420,000×0.0467×57÷365"
2,単利,"元金¥4,790,000を年利率0.27％の単利で7月8日から10月25日まで借りると、利息はいくらか。（片落とし、円未満切り捨て）",1,"￥|＄|€|￡","￥",3862,"日数を計算（109日）した後、元金×利率×期間÷365の公式で利息を求めます。|4,790,000×0.0027×109×365"
2,単利,"¥2,460,000を年利率3.68％の単利で11か月間貸すと、期日に受け取る元利合計はいくらか。",1,"￥|＄|€|￡","￥",2542984,"元金×利率×期間÷12の公式で利息（82,984）を求めた後、元金を足して求めます。|2,460,000×0.0368×11÷12＝82,984|2,460,000＋82,984"
2,単利,"¥3,710,000を年利率5.43％の単利で96日間借りると、期日に支払う元利合計はいくらか。（円未満切り捨て）",1,"￥|＄|€|￡","￥",3762984,"元金×利率×期間÷365の公式で利息（52,984）を求めた後、元金を足して求めます。|3,710,000×0.0543×96÷365＝52,984|3,710,000＋52,984"
2,単利,"¥8,650,000を年利率0.46％の単利で4月16日から7月5日まで貸すと、期日に受け取る元利合計はいくらか。（片落とし、円未満切り捨て）",1,"￥|＄|€|￡","￥",8658721,"日数を計算（80日）し、元金×利率×期間÷365の公式で利息（8,721）を求めた後、元金を足して求めます。|8,650,000×0.0046×80÷365＝8,721|8,650,000＋8,721"
2,単利,"年利率3.25％の単利で9か月間借り入れ、期日に利息¥93,600を支払った。元金はいくらであったか。",1,"￥|＄|€|￡","￥",3840000,"わからないもの（元金）以外を公式通りに計算して「÷÷利息」で求められます。|0.0325×9÷12÷÷93,600"
2,単利,"年利率4.83％の単利で146日間貸し付け、期日に利息¥89,838を受け取った。元金はいくらであったか。",1,"￥|＄|€|￡","￥",4650000,"わからないもの（元金）以外を公式通りに計算して「÷÷利息」で求められます。|0.0483×146÷365÷÷89,838"
2,単利,"年利率2.46％の単利で11か月間貸し付け、期日に利息¥170,478を受け取った。元金はいくらであったか。",1,"￥|＄|€|￡","￥",7560000,"わからないもの（元金）以外を公式通りに計算して「÷÷利息」で求められます。|0.0246×11÷12÷÷170,478"
2,単利,"年利率0.73％の単利で105日間貸し付け、期日に利息¥4,914を受け取った。元金はいくらであったか。",1,"￥|＄|€|￡","￥",2340000,"わからないもの（元金）以外を公式通りに計算して「÷÷利息」で求められます。|0.0073×105÷365÷÷4,914"
2,単利,"¥5,840,000を単利で4月20日から7月2日まで借り入れ、期日に利息¥32,120を支払った。利率は年何パーセントであったか。パーセントの小数第2位まで求めよ。（片落とし）",2,"￥|％|割","％",2.75,"日数を計算（73日）して、わからないもの（利率）以外を公式通りに計算して「÷÷利息」で求められます。|5,840,000×73÷365÷÷32,120"
2,単利,"¥6,570,000を単利で7月15日から9月23日まで借り入れ、利息¥18,396を支払った。利率は年何パーセントであったか。パーセントの小数第2位まで求めよ。（片落とし）",2,"￥|％|割","％",1.46,"日数を計算（70日）して、わからないもの（利率）以外を公式通りに計算して「÷÷利息」で求められます。|6,570,000×70÷365÷÷18,396"
2,単利,"¥2,190,000を単利で8月3日から10月25日まで借り入れ、利息¥1,743を支払った。利率は年何パーセントであったか。パーセントの小数第2位まで求めよ。（片落とし）",2,"￥|％|割","％",0.35,"日数を計算（83日）して、わからないもの（利率）以外を公式通りに計算して「÷÷利息」で求められます。|2,190,000×83÷365÷÷1,743"
2,単利,"¥4,530,000を年利率2.54％の単利で貸し付け、利息¥134,239を受け取った。貸付期間は何か月間であったか。（月数のまま答えなさい。）",2,"か月|年|日","か月",14,"わからないもの（月数）以外を公式通りに計算して「÷÷利息」で求められます。|4,530,000×0.0254÷12÷÷134,239|※実際の検定は「○年△か月」と答えなければなりません。"
2,単利,"¥8,350,000を年利率0.16％の単利で貸し付け、利息¥5,344を受け取った。貸付期間は何日間であったか。",2,"か月|年|日","日",146,"わからないもの（日数）以外を公式通りに計算して「÷÷利息」で求められます。|8,350,000×0.0016÷365÷÷5,344"
2,電子記録債権,"電子記録債権 ¥4,350,000を割引率年6.25％で割り引くと、割引料はいくらか。ただし、割引日数は41日とする。（円未満切り捨て）",1,"￥|＄|€|￡","￥",30539,"額面金額×利率×日数÷365で割引料を求めます。（利息と同じ計算）|4,350,000×0.0625×41÷365"
2,電子記録債権,"2月24日支払期日の電子記録債権 ¥9,590,000を1月6日に割引率年3.75％で割り引くと、手取金はいくらか。（両端入れ、割引料の円未満切り捨て）",1,"￥|＄|€|￡","￥",9540737,"まずは支払期日が後になるように日数（両端入れなので50日）を求めます。割引料を利息と同じ計算式で求めます。そのあと、額面金額から引いて求めます。|9,590,000×0.0375×50÷365=49,263　→　9,590,000-49,263"
2,電子記録債権,"電子記録債権 ¥9,460,000を割引率年4.35％で割り引くと、割引料はいくらか。ただし、割引日数は39日とする。（円未満切り捨て）",1,"￥|＄|€|￡","￥",43969,"額面金額×利率×日数÷365で割引料を求めます。（利息と同じ計算）|9,460,000×0.0435×39÷365"
2,電子記録債権,"7月10日支払期日の電子記録債権 ¥7,240,000を割り引くため、5月23日に電子債権記録機関へ譲渡記録の請求をおこなうと、割引料はいくらか。ただし、割引率年3.25％とする。（両端入れ、円未満切り捨て）",1,"￥|＄|€|￡","￥",31588,"まずは支払期日が後になるように日数（両端入れなので49日）を求めます。そのあと、額面金額×利率×日数÷365で割引料を求めます。（利息と同じ計算）|7,240,000×0.0325×49÷365"
2,電子記録債権,"電子記録債権 ¥7,000,000のうち¥1,620,000は支払代金の支払いのため仕入先へ譲渡し、残額を割引率年6.75％で割り引くと、割引料はいくらか。ただし、割引日数は57日とする。",1,"￥|＄|€|￡","￥",56711,"問題文をよく読んで、「いくらの債権を割り引くのか」を考えましょう。今回は「7,000,000-1,620,000」の5,380,000を割り引くことになります。|5,380,000×0.0675×57÷365"
2,電子記録債権,"電子記録債権 ¥4,830,000を割引率年5.75％で割り引くと、割引料はいくらか。ただし、割引日数は52日とする。",1,"￥|＄|€|￡","￥",39566,"額面金額×利率×日数÷365で割引料を求めます。（利息と同じ計算）|4,830,000×0.0575×52÷365"
2,電子記録債権,"電子記録債権残高のうち ¥6,140,000を割引率年2.15％で割り引くと、手取金はいくらか。ただし、割引日数は46日とする。（割引料の円未満切り捨て）",1,"￥|＄|€|￡","￥",6123364,"額面金額×利率×日数÷365で割引料を求め、額面金額-割引料で求めます。|6,140,000×0.0215×46÷365=16,636　→　6,140,000-16,636"
2,電子記録債権,"電子記録債権残高のうち ¥4,130,000を割引率年4.25％で割り引くと、手取金はいくらか。ただし、割引日数は31日とする。（割引料の円未満切り捨て）",1,"￥|＄|€|￡","￥",4115093,"額面金額×利率×日数÷365で割引料を求め、額面金額-割引料で求めます。|4,130,000×0.0425×31÷365=14,907　→　4,130,000-14,907"
2,電子記録債権,"電子記録債権残高のうち ¥2,970,000を割り引くため、2月16日に割引率年2.75％で電子債権記録機関へ譲渡記録の請求をおこなうと、手取金はいくらか。ただし、支払期日は4月10日とする。（うるう年、両端入れ、割引料の円未満切り捨て）",1,"￥|＄|€|￡","￥",2957693,"割引日～支払期日の日数（55日）を両端入れ、うるう年で求めて、割引料を計算してから「額面金額－割引料」で求めます。|2,970,000×0.0275×55÷365＝12,307　→　2,970,000-12,307"
2,電子記録債権,"電子記録債権 ¥5,620,000を割引率年3.45％で割り引くと、手取金はいくらか。ただし、割引日数は43日とする。（割引料の円未満切り捨て）",1,"￥|＄|€|￡","￥",5597159,"額面金額×利率×日数÷365で割引料を求めて、「額面金額－割引料」で手取金を求めます。|5,620,000×0.0345×43÷365＝22,841　→　5,620,000-22,841"
2,電子記録債権,"6月20日に発生した電子記録債権 ¥8,910,000を割り引くため、7月10日に電子債権機関へ譲渡記録の請求をおこなうと、手取金はいくらか。ただし、支払期日は8月15日、割引率5.75％とする。（両端入れ、割引料の円未満切り捨て）",1,"￥|＄|€|￡","￥",8858066,"7月10日～8月15日までの日数（37日）を両端入れで求めて、割引料を計算します。そのあと、「額面金額－割引料」で求めます。|8,910,000×0.0575×37÷365＝51,934　→　8,910,000－51,934"
2,仲立人,"仲立人が売り主・買い主双方から3.4％ずつの手数料を受け取る約束で¥4,570,000の商品の売買を仲介した。買い主の支払総額はいくらか。",1,"￥|＄|€|￡","￥",4725380,"仲立人の問題は誰の金額を求めるかを把握しましょう。今回は買い主なので（1+％）です。|4,570,000×1.034"
2,仲立人,"仲立人が売り主・買い主双方から3.4％ずつの手数料を受け取る約束で¥4,570,000の商品の売買を仲介した。売り主の手取金はいくらか。",1,"￥|＄|€|￡","￥",4414620,"売り主なので（1-％）です。|4,570,000×0.966"
2,仲立人,"仲立人が売り主・買い主双方から3.4％ずつの手数料を受け取る約束で¥4,570,000の商品の売買を仲介した。仲立人が得た手数料の合計額はいくらか。",1,"￥|＄|€|￡","￥",310760,"仲立人なので（売り主・買い主の手数料％の合計）です。|4,570,000×0.068"
2,仲立人,"仲立人が売り主・買い主双方から3.1％ずつの手数料を受け取る約束で¥1,570,000の商品の売買を仲介した。買い主の支払総額はいくらか。",1,"￥|＄|€|￡","￥",1618670,"買い主なので（1+％）です。|1,570,000×1.031"
2,仲立人,"仲立人が売り主・買い主双方から3.1％ずつの手数料を受け取る約束で¥1,570,000の商品の売買を仲介した。売り主の手取金はいくらか。",1,"￥|＄|€|￡","￥",1521330,"売り主なので（1-％）です。|1,570,000×0.969"
2,仲立人,"仲立人が売り主・買い主双方から3.1％ずつの手数料を受け取る約束で¥1,570,000の商品の売買を仲介した。仲立人が得た手数料の合計額はいくらか。",1,"￥|＄|€|￡","￥",97340,"仲立人なので（売り主・買い主の手数料％の合計）です。|1,570,000×0.062"
2,仲立人,"仲立人が売り主・買い主双方から2.8％ずつの手数料を受け取る約束で¥5,170,000の商品の売買を仲介した。買い主の支払総額はいくらか。",1,"￥|＄|€|￡","￥",5314760,"買い主なので（1+％）です。|5,170,000×1.028"
2,仲立人,"仲立人が売り主・買い主双方から2.8％ずつの手数料を受け取る約束で¥5,170,000の商品の売買を仲介した。売り主の手取金はいくらか。",1,"￥|＄|€|￡","￥",5025240,"売り主なので（1-％）です。|5,170,000×0.972"
2,仲立人,"仲立人が売り主・買い主双方から2.8％ずつの手数料を受け取る約束で¥5,170,000の商品の売買を仲介した。仲立人が得た手数料の合計額はいくらか。",1,"￥|＄|€|￡","￥",289520,"仲立人なので（売り主・買い主の手数料％の合計）です。|5,170,000×0.056"
2,仲立人,"仲立人が売り主・買い主双方から2.6％ずつの手数料を受け取る約束で¥7,340,000の商品の売買を仲介した。買い主の支払総額はいくらか。",1,"￥|＄|€|￡","￥",7530840,"買い主なので（1+％）です。|7,340,000×1.026"
2,仲立人,"仲立人が売り主・買い主双方から2.6％ずつの手数料を受け取る約束で¥7,340,000の商品の売買を仲介した。売り主の手取金はいくらか。",1,"￥|＄|€|￡","￥",7149160,"売り主なので（1-％）です。|7,340,000×0.974"
2,仲立人,"仲立人が売り主・買い主双方から2.6％ずつの手数料を受け取る約束で¥7,340,000の商品の売買を仲介した。仲立人が得た手数料の合計額はいくらか。",1,"￥|＄|€|￡","￥",381680,"仲立人なので（売り主・買い主の手数料％の合計）です。|7,340,000×0.052"
2,仲立人,"仲立人が売り主から2.9％、買い主から3.2％の手数料を受け取る約束で¥6,890,000の商品の売買を仲介した。買い主の支払総額はいくらか。",1,"￥|＄|€|￡","￥",7110480,"買い主なので（1+％）です。|6,890,000×1.032"
2,仲立人,"仲立人が売り主から2.9％、買い主から3.2％の手数料を受け取る約束で¥6,890,000の商品の売買を仲介した。売り主の手取金はいくらか。",1,"￥|＄|€|￡","￥",6690190,"売り主なので（1-％）です。|6,890,000×0.971"
2,仲立人,"仲立人が売り主から2.9％、買い主から3.2％の手数料を受け取る約束で¥6,890,000の商品の売買を仲介した。仲立人が得た手数料の合計額はいくらか。",1,"￥|＄|€|￡","￥",420290,"仲立人なので（売り主・買い主の手数料％の合計）です。|6,890,000×0.061"
2,仲立人,"仲立人が売り主・買い主双方から2.7％ずつの手数料を受け取る約束で¥8,150,000の商品の売買を仲介した。買い主の支払総額はいくらか。",1,"￥|＄|€|￡","￥",8370050,"買い主なので（1+％）です。|8,150,000×1.027"
2,仲立人,"仲立人が売り主・買い主双方から2.7％ずつの手数料を受け取る約束で¥8,150,000の商品の売買を仲介した。売り主の手取金はいくらか。",1,"￥|＄|€|￡","￥",7929950,"売り主なので（1-％）です。|8,150,000×0.973"
2,仲立人,"仲立人が売り主・買い主双方から2.7％ずつの手数料を受け取る約束で¥8,150,000の商品の売買を仲介した。仲立人が得た手数料の合計額はいくらか。",1,"￥|＄|€|￡","￥",440100,"仲立人なので（売り主・買い主の手数料％の合計）です。|8,150,000×0.054"
2,仲立人,"仲立人が売り主・買い主双方から3.2％ずつの手数料を受け取る約束で¥3,690,000の商品の売買を仲介した。買い主の支払総額はいくらか。",1,"￥|＄|€|￡","￥",3808080,"買い主なので（1+％）です。|3,690,000×1.032"
2,仲立人,"仲立人が売り主・買い主双方から3.2％ずつの手数料を受け取る約束で¥3,690,000の商品の売買を仲介した。売り主の手取金はいくらか。",1,"￥|＄|€|￡","￥",3571920,"売り主なので（1-％）です。|3,690,000×0.968"
2,仲立人,"仲立人が売り主・買い主双方から3.2％ずつの手数料を受け取る約束で¥3,690,000の商品の売買を仲介した。仲立人が得た手数料の合計額はいくらか。",1,"￥|＄|€|￡","￥",236160,"仲立人なので（売り主・買い主の手数料％の合計）です。|3,690,000×0.064"
2,仲立人,"仲立人が売り主・買い主双方から3.1％ずつの手数料を受け取る約束で¥4,330,000の商品の売買を仲介した。買い主の支払総額はいくらか。",1,"￥|＄|€|￡","￥",4464230,"買い主なので（1+％）です。|4,330,000×1.031"
2,仲立人,"仲立人が売り主・買い主双方から3.1％ずつの手数料を受け取る約束で¥4,330,000の商品の売買を仲介した。売り主の手取金はいくらか。",1,"￥|＄|€|￡","￥",4195770,"売り主なので（1-％）です。|4,330,000×0.969"
2,仲立人,"仲立人が売り主・買い主双方から3.1％ずつの手数料を受け取る約束で¥4,330,000の商品の売買を仲介した。仲立人が得た手数料の合計額はいくらか。",1,"￥|＄|€|￡","￥",268460,"仲立人なので（売り主・買い主の手数料％の合計）です。|4,330,000×0.062"
2,仲立人,"仲立人が売り主から3.3％、買い主から3.6％の手数料を受け取る約束で¥9,640,000の商品の売買を仲介した。買い主の支払総額はいくらか。",1,"￥|＄|€|￡","￥",9987040,"買い主なので（1+％）です。|9,640,000×1.036"
2,仲立人,"仲立人が売り主から3.3％、買い主から3.6％の手数料を受け取る約束で¥9,640,000の商品の売買を仲介した。売り主の手取金はいくらか。",1,"￥|＄|€|￡","￥",9321880,"売り主なので（1-％）です。|9,640,000×0.967"
2,仲立人,"仲立人が売り主から3.3％、買い主から3.6％の手数料を受け取る約束で¥9,640,000の商品の売買を仲介した。仲立人が得た手数料の合計額はいくらか。",1,"￥|＄|€|￡","￥",665160,"仲立人なので（売り主・買い主の手数料％の合計）です。|9,640,000×0.069"
2,減価償却,"取得価額 ¥6,490,000 耐用年数21年の固定資産を定額法で減価償却すれば、第18期末減価償却累計額はいくらか。ただし、決算は年1回、残存簿価¥1とする。",1,"￥|＄|€|￡","￥",5607360,"表を見て、耐用年数21年の償却率を確認します（0.048）。それを取得価額にかけて、償却額を求めます。18年後の累計額を求めればよいので、「×18」です。|6,490,000×0.048×18"
2,複利終価,"¥1,850,000を年利率6.5％、1年1期の複利で8年間貸すと、複利利息はいくらか。（円未満4捨5入）",1,"￥|＄|€|￡","￥",1211742,"表Ａを見て終価率を確認（1.6549 9567）します。それを掛けて、元金を引いて求めます。|1,850,000×1.65499567-1,850,000"
2,複利現価,"7年6か月後に支払う負債¥9,180,000を年利率4％、半年1期の複利で割り引いて、いま支払うとすればその金額はいくらか。（円未満4捨5入）",1,"￥|＄|€|￡","￥",6820875,"表Ａを見て現価率を確認しますが、半年1期なので「利率÷2（2％）、期間×2（15期）」です（0.74301473）。|9,180,000×0.74301473"
